,molecule_chembl_id,canonical_smiles,class,MW,LogP,NumHDonors,NumHAcceptors,pIC50
1,CHEMBL2252723,CCOP(=O)(OCC)SCCCCCCCCCCN1C(=O)c2ccccc2C1=O,inactive,455.55700000000024,6.3177000000000065,0.0,6.0,3.9479990198987
2,CHEMBL2252722,CCOP(=O)(OCC)SCCCCCCCCCN1C(=O)c2ccccc2C1=O,inactive,441.5300000000002,5.927600000000006,0.0,6.0,4.425968732272281
6,CHEMBL2252849,CCOP(=O)(OCC)SCCCCCN1C(=O)c2ccccc2C1=O,inactive,385.4220000000001,4.367200000000004,0.0,6.0,4.908684840302777
12,CHEMBL2252843,CCOP(=O)(OCC)SCCCCCCCSP(=O)(OCC)OCC,inactive,436.51300000000015,6.7655000000000065,0.0,8.0,4.991399828238082
13,CHEMBL2252842,CCOP(=O)(OCC)SCCCCCCSP(=O)(OCC)OCC,active,422.4860000000001,6.375400000000006,0.0,8.0,6.060480747381382
14,CHEMBL2252841,CCOP(=O)(OCC)SCCCCCSP(=O)(OCC)OCC,inactive,408.4590000000001,5.985300000000006,0.0,8.0,4.908684840302777
17,CHEMBL1232328,CCOP(O)(=S)OCC,inactive,170.16999999999996,1.2762,1.0,3.0,1.3979400086720375
